image_id,bbox,category_id,confidence
1401,"[135, 43, 179, 196]",1,0.36845818161964417
1402,"[30, 7, 200, 200]",2,0.7156709432601929
1402,"[12, 0, 181, 182]",2,0.552844226360321
1402,"[0, 7, 163, 200]",2,0.3933415412902832
1402,"[90, 0, 200, 179]",2,0.37958306074142456
1403,"[57, 18, 92, 166]",3,0.38592517375946045
1403,"[56, 63, 91, 200]",3,0.3274429142475128
1403,"[57, 0, 92, 136]",3,0.2970646023750305
1404,"[26, 0, 200, 192]",2,0.7521015405654907
1404,"[0, 0, 151, 181]",2,0.7028529047966003
1404,"[3, 18, 133, 200]",2,0.5486809015274048
1404,"[9, 18, 181, 200]",2,0.47786954045295715
1404,"[0, 0, 115, 157]",2,0.2576167583465576
1405,"[4, 0, 98, 167]",2,0.7101583480834961
1405,"[95, 0, 200, 167]",2,0.5244466662406921
1405,"[4, 8, 122, 200]",2,0.37896856665611267
1405,"[59, 17, 200, 200]",2,0.373790979385376
1405,"[0, 7, 176, 200]",2,0.3135298788547516
1405,"[2, 0, 147, 170]",2,0.2659268379211426
1406,"[32, 36, 173, 200]",2,0.4935295581817627
1406,"[2, 49, 144, 200]",2,0.47954851388931274
1406,"[39, 0, 180, 180]",2,0.29659703373908997
1406,"[38, 20, 200, 200]",2,0.26828885078430176
1407,"[0, 0, 111, 178]",2,0.6211428642272949
1407,"[8, 0, 183, 177]",2,0.4931502938270569
1407,"[0, 0, 141, 152]",2,0.3598358929157257
1408,"[17, 0, 193, 178]",2,0.7098413705825806
1408,"[2, 0, 146, 180]",2,0.7030224204063416
1408,"[4, 18, 131, 200]",2,0.6310510039329529
1408,"[27, 35, 200, 200]",2,0.5851582288742065
1408,"[0, 7, 175, 200]",2,0.48638802766799927
1409,"[31, 18, 200, 200]",2,0.7130184769630432
1409,"[0, 20, 163, 200]",2,0.5447537302970886
1409,"[10, 0, 183, 182]",2,0.45908108353614807
1409,"[111, 14, 200, 199]",2,0.3060879409313202
1409,"[94, 0, 200, 169]",2,0.27935633063316345
1409,"[48, 0, 200, 182]",2,0.2641215920448303
1411,"[32, 0, 71, 174]",1,0.4064093828201294
1411,"[31, 27, 70, 199]",1,0.36844441294670105
1413,"[27, 0, 200, 193]",2,0.7711391448974609
1413,"[0, 0, 172, 181]",2,0.6915797591209412
1413,"[3, 7, 133, 200]",2,0.5916522145271301
1413,"[8, 18, 182, 200]",2,0.41972553730010986
1414,"[36, 96, 58, 143]",1,0.31210407614707947
1414,"[76, 60, 91, 200]",3,0.2609265148639679
1414,"[110, 19, 126, 166]",3,0.2548616826534271
1415,"[0, 0, 90, 135]",4,0.6015170216560364
1415,"[94, 18, 155, 83]",4,0.5237169861793518
1415,"[144, 52, 196, 167]",4,0.4704122841358185
1415,"[7, 83, 91, 188]",4,0.388313889503479
1415,"[0, 0, 86, 192]",4,0.3435521423816681
1415,"[1, 0, 52, 122]",4,0.2732626497745514
1415,"[91, 28, 146, 80]",4,0.26212644577026367
1415,"[1, 18, 89, 107]",4,0.25061124563217163
1417,"[12, 9, 49, 155]",3,0.3079271912574768
1420,"[16, 103, 114, 200]",5,0.334768146276474
1421,"[108, 0, 168, 116]",4,0.6643437147140503
1421,"[4, 1, 79, 65]",4,0.44773170351982117
1422,"[16, 17, 195, 200]",2,0.6580598950386047
1422,"[0, 0, 150, 182]",2,0.6193252205848694
1422,"[27, 0, 200, 181]",2,0.6115077137947083
1422,"[4, 18, 132, 200]",2,0.4427674412727356
1424,"[137, 76, 185, 119]",4,0.7413746118545532
1424,"[18, 33, 120, 190]",4,0.5282061696052551
1424,"[10, 65, 115, 153]",4,0.4270654618740082
1424,"[137, 74, 182, 139]",4,0.4236263632774353
1424,"[13, 73, 59, 138]",4,0.38757598400115967
1425,"[33, 78, 153, 164]",4,0.6099389791488647
1425,"[62, 38, 158, 164]",4,0.5402548909187317
1426,"[97, 63, 131, 200]",3,0.3954666554927826
1426,"[96, 0, 133, 136]",3,0.3830604553222656
1426,"[97, 28, 132, 176]",3,0.31721410155296326
1426,"[148, 63, 166, 200]",3,0.25166547298431396
1429,"[132, 1, 172, 160]",1,0.364255428314209
1429,"[129, 26, 169, 200]",1,0.2736414968967438
1430,"[88, 50, 160, 200]",4,0.47070416808128357
1430,"[89, 1, 161, 156]",4,0.36262041330337524
1431,"[92, 90, 106, 183]",3,0.31315746903419495
1432,"[22, 41, 119, 200]",4,0.5175380110740662
1432,"[30, 1, 128, 158]",4,0.47527027130126953
1432,"[18, 0, 122, 187]",4,0.3336455821990967
1436,"[61, 39, 100, 200]",1,0.4206153452396393
1436,"[48, 5, 103, 187]",1,0.34505870938301086
1436,"[132, 0, 153, 37]",1,0.3206162452697754
1437,"[0, 0, 149, 178]",2,0.7307302951812744
1437,"[26, 19, 200, 200]",2,0.6947686076164246
1437,"[0, 19, 162, 200]",2,0.6876395344734192
1437,"[28, 0, 200, 168]",2,0.5883573293685913
1437,"[2, 32, 134, 200]",2,0.3606393337249756
1438,"[121, 123, 197, 191]",4,0.6676948666572571
1442,"[167, 102, 188, 150]",1,0.33525052666664124
1444,"[26, 21, 200, 200]",2,0.5335480570793152
1444,"[0, 0, 151, 180]",2,0.5126066207885742
1444,"[26, 0, 200, 166]",2,0.4129358232021332
1444,"[2, 18, 135, 200]",2,0.25217148661613464
1448,"[61, 0, 151, 119]",4,0.47812214493751526
1448,"[54, 126, 143, 200]",4,0.4482298791408539
1448,"[59, 0, 133, 100]",4,0.3021644055843353
1448,"[0, 131, 34, 198]",4,0.28520745038986206
1449,"[72, 87, 132, 198]",4,0.6020362973213196
1449,"[65, 28, 109, 93]",4,0.3782096803188324
1449,"[64, 30, 123, 176]",4,0.2520213723182678
1450,"[64, 0, 82, 146]",3,0.2798863351345062
1450,"[63, 18, 81, 166]",3,0.2754077613353729
1450,"[64, 64, 80, 200]",3,0.269743949174881
1452,"[104, 0, 153, 46]",4,0.6432625651359558
1453,"[74, 40, 120, 159]",1,0.2561132609844208
1453,"[74, 74, 115, 152]",1,0.25247249007225037
1454,"[93, 42, 121, 111]",1,0.43097296357154846
1454,"[1, 35, 142, 200]",2,0.40447282791137695
1455,"[59, 65, 88, 151]",1,0.42588934302330017
1456,"[96, 16, 139, 200]",1,0.43244287371635437
1456,"[0, 26, 38, 196]",1,0.35995471477508545
1456,"[2, 0, 44, 176]",1,0.3349767327308655
1456,"[107, 0, 132, 59]",1,0.32881075143814087
1456,"[5, 0, 50, 146]",1,0.31632453203201294
1456,"[95, 0, 145, 159]",1,0.2905656099319458
1456,"[102, 80, 129, 200]",1,0.25859203934669495
1457,"[39, 18, 116, 198]",4,0.6338593363761902
1457,"[161, 45, 199, 103]",4,0.5273703336715698
1457,"[41, 0, 118, 162]",4,0.5013483762741089
1457,"[160, 0, 198, 42]",4,0.33084869384765625
1457,"[52, 0, 116, 131]",4,0.2783629298210144
1458,"[27, 27, 200, 199]",2,0.5360369682312012
1458,"[0, 30, 147, 196]",2,0.4791012108325958
1458,"[27, 0, 200, 159]",2,0.4502343535423279
1458,"[0, 0, 145, 152]",2,0.3898533284664154
1459,"[39, 109, 62, 173]",1,0.36302950978279114
1459,"[44, 29, 107, 200]",1,0.31150633096694946
1459,"[70, 96, 98, 200]",1,0.28544917702674866
1461,"[19, 8, 40, 155]",3,0.3434204161167145
1461,"[94, 159, 110, 199]",3,0.29993054270744324
1462,"[7, 139, 22, 200]",3,0.3257060945034027
1462,"[9, 11, 24, 106]",3,0.26812973618507385
1463,"[0, 3, 149, 191]",2,0.6535184979438782
1463,"[29, 0, 200, 180]",2,0.4342656433582306
1464,"[29, 46, 77, 89]",4,0.7905963063240051
1464,"[47, 101, 123, 172]",4,0.7199552059173584
1464,"[10, 103, 129, 171]",4,0.29417744278907776
1466,"[124, 58, 169, 198]",1,0.3082899749279022
1467,"[17, 105, 89, 199]",4,0.7913925051689148
1467,"[31, 3, 87, 83]",4,0.777313232421875
1467,"[106, 125, 135, 147]",4,0.42579370737075806
1467,"[19, 109, 115, 200]",4,0.3450736999511719
1467,"[79, 0, 178, 54]",4,0.2589932680130005
1468,"[27, 0, 200, 180]",2,0.7605495452880859
1468,"[0, 0, 149, 180]",2,0.7124543190002441
1468,"[0, 7, 117, 200]",2,0.3360707759857178
1470,"[45, 52, 142, 200]",5,0.2559269070625305
1472,"[44, 0, 198, 179]",2,0.5546151399612427
1472,"[0, 0, 150, 178]",2,0.32885369658470154
1475,"[161, 61, 175, 193]",3,0.31050682067871094
1475,"[161, 10, 177, 155]",3,0.28192901611328125
1477,"[26, 39, 69, 195]",1,0.32535797357559204
1477,"[53, 132, 82, 200]",1,0.30139225721359253
1477,"[39, 85, 82, 200]",1,0.2654305398464203
1477,"[37, 107, 62, 200]",1,0.2644716203212738
1478,"[118, 38, 157, 174]",1,0.49128058552742004
1478,"[31, 139, 57, 200]",1,0.4236963391304016
1480,"[2, 0, 39, 171]",1,0.38965904712677
1480,"[40, 74, 65, 165]",1,0.2869482636451721
1480,"[0, 47, 40, 200]",1,0.26403531432151794
1484,"[128, 115, 138, 139]",1,0.33133837580680847
1485,"[70, 41, 124, 121]",4,0.8011940717697144
1485,"[0, 0, 33, 20]",4,0.43041855096817017
1486,"[101, 64, 131, 200]",3,0.2552994191646576
1487,"[120, 0, 145, 146]",3,0.3061479926109314
1487,"[118, 24, 145, 171]",3,0.27311578392982483
1487,"[118, 81, 142, 200]",3,0.26871299743652344
1488,"[40, 63, 71, 200]",3,0.4156375527381897
1488,"[39, 23, 72, 171]",3,0.3020177185535431
1488,"[10, 18, 20, 78]",3,0.26127690076828003
1488,"[89, 69, 105, 200]",3,0.25914284586906433
1489,"[156, 0, 185, 36]",1,0.36959144473075867
1489,"[100, 0, 120, 35]",1,0.31726139783859253
1492,"[30, 177, 43, 199]",1,0.5555499196052551
1492,"[118, 40, 144, 160]",1,0.2934911847114563
1494,"[136, 0, 178, 50]",4,0.4551435112953186
1494,"[5, 0, 94, 143]",4,0.4500070810317993
1494,"[3, 0, 65, 85]",4,0.3746274709701538
1494,"[0, 0, 59, 147]",4,0.30081456899642944
1494,"[63, 74, 160, 181]",4,0.2828541398048401
1494,"[125, 0, 187, 53]",4,0.28022149205207825
1494,"[98, 0, 183, 52]",4,0.254997193813324
1494,"[131, 145, 176, 199]",4,0.25101515650749207
1495,"[112, 105, 181, 200]",5,0.47289586067199707
1496,"[0, 0, 148, 181]",2,0.7461965680122375
1496,"[17, 0, 194, 182]",2,0.7289562821388245
1496,"[2, 19, 130, 200]",2,0.5005476474761963
1496,"[7, 18, 183, 200]",2,0.3481394946575165
1497,"[0, 0, 146, 176]",2,0.2803458869457245
1498,"[0, 79, 53, 200]",4,0.747166097164154
1498,"[134, 145, 179, 199]",4,0.7007312774658203
1498,"[0, 0, 54, 70]",4,0.4028273820877075
1500,"[0, 160, 30, 197]",4,0.5635678172111511
1501,"[104, 11, 125, 74]",1,0.3612537384033203
1501,"[55, 29, 75, 73]",1,0.35125914216041565
1502,"[48, 93, 159, 200]",5,0.29725244641304016
1505,"[56, 72, 132, 150]",4,0.8369940519332886
1505,"[0, 0, 76, 57]",4,0.2756297290325165
1506,"[89, 0, 171, 128]",5,0.31759604811668396
1506,"[95, 39, 168, 130]",5,0.2528657019138336
1507,"[60, 26, 98, 196]",1,0.5007419586181641
1507,"[59, 3, 97, 161]",1,0.476800799369812
1507,"[64, 0, 93, 132]",1,0.31271126866340637
1509,"[51, 138, 133, 200]",5,0.26018226146698
1510,"[0, 1, 150, 191]",2,0.6859957575798035
1510,"[27, 0, 200, 182]",2,0.4755101799964905
1510,"[0, 18, 118, 200]",2,0.28941836953163147
1511,"[55, 7, 123, 196]",1,0.2582833170890808
1512,"[5, 42, 83, 162]",4,0.7299801707267761
1512,"[148, 1, 199, 58]",4,0.7287179231643677
1512,"[19, 173, 57, 199]",4,0.3645457625389099
1514,"[1, 45, 76, 75]",3,0.2815258502960205
1515,"[29, 18, 200, 200]",2,0.541599690914154
1515,"[0, 31, 174, 200]",2,0.41723424196243286
1515,"[7, 0, 186, 192]",2,0.35601916909217834
1515,"[114, 0, 200, 177]",2,0.25949984788894653
1517,"[126, 23, 149, 171]",3,0.2674270272254944
1517,"[121, 39, 149, 186]",3,0.2521536946296692
1519,"[0, 0, 174, 191]",2,0.6387056708335876
1519,"[26, 10, 200, 196]",2,0.5701786279678345
1519,"[1, 0, 134, 181]",2,0.45799675583839417
1521,"[2, 3, 94, 97]",5,0.278734415769577
1523,"[89, 80, 111, 135]",1,0.47536423802375793
1523,"[89, 1, 118, 82]",1,0.3189338743686676
1524,"[15, 38, 168, 200]",2,0.41009098291397095
1524,"[72, 6, 200, 200]",2,0.336669921875
1524,"[2, 43, 130, 200]",2,0.3297913670539856
1525,"[159, 58, 180, 200]",3,0.40683916211128235
1525,"[160, 81, 178, 200]",3,0.34165146946907043
1525,"[154, 29, 184, 176]",3,0.31226328015327454
1525,"[15, 64, 31, 200]",3,0.2842675745487213
1526,"[37, 161, 62, 198]",1,0.36556726694107056
1526,"[161, 134, 186, 200]",1,0.3319099545478821
1526,"[42, 0, 65, 77]",1,0.3314664363861084
1526,"[161, 0, 185, 42]",1,0.3050799071788788
1527,"[22, 33, 58, 188]",1,0.3321722447872162
1527,"[27, 58, 54, 196]",1,0.32677486538887024
1527,"[130, 114, 156, 200]",1,0.26921331882476807
1527,"[135, 0, 158, 50]",1,0.2540489137172699
1529,"[33, 134, 83, 200]",4,0.8040932416915894
1529,"[27, 0, 99, 55]",4,0.7215115427970886
1529,"[101, 34, 165, 199]",4,0.5350596308708191
1529,"[105, 0, 166, 174]",4,0.3591098189353943
1531,"[60, 0, 140, 97]",4,0.6703979969024658
1531,"[23, 90, 108, 200]",4,0.6454470157623291
1531,"[5, 0, 44, 24]",4,0.5918126106262207
1533,"[111, 149, 140, 200]",1,0.25270962715148926
1534,"[110, 130, 128, 172]",1,0.4029948115348816
1534,"[158, 110, 179, 173]",1,0.25979116559028625
1535,"[1, 31, 133, 200]",2,0.2946915626525879
1537,"[159, 26, 179, 81]",1,0.4366363286972046
1537,"[89, 82, 112, 184]",1,0.40399906039237976
1537,"[151, 101, 174, 179]",1,0.30151087045669556
1537,"[55, 83, 78, 131]",1,0.27532100677490234
1538,"[2, 0, 127, 191]",2,0.6124403476715088
1538,"[25, 0, 200, 191]",2,0.6075781583786011
1538,"[0, 0, 173, 181]",2,0.5739782452583313
1540,"[146, 7, 195, 197]",1,0.2828378677368164
1541,"[109, 79, 134, 160]",1,0.36185193061828613
1542,"[144, 82, 172, 200]",3,0.2782288193702698
1542,"[144, 19, 178, 166]",3,0.2577182650566101
1545,"[59, 27, 78, 69]",1,0.3604530990123749
1545,"[107, 9, 128, 72]",1,0.27595004439353943
1545,"[89, 121, 117, 194]",1,0.2697350084781647
1546,"[25, 8, 200, 200]",2,0.6002200245857239
1546,"[0, 0, 151, 180]",2,0.5891717672348022
1546,"[17, 0, 194, 167]",2,0.45269516110420227
1546,"[2, 19, 134, 200]",2,0.44842684268951416
1546,"[0, 0, 116, 166]",2,0.3213954269886017
1547,"[26, 7, 200, 200]",2,0.7617723345756531
1547,"[0, 0, 149, 180]",2,0.7341284155845642
1547,"[4, 18, 132, 200]",2,0.5197722315788269
1547,"[20, 0, 190, 160]",2,0.30501866340637207
1548,"[1, 9, 145, 200]",2,0.5813140869140625
1548,"[0, 0, 174, 181]",2,0.5451756715774536
1548,"[26, 0, 200, 191]",2,0.47250446677207947
1549,"[28, 0, 200, 179]",2,0.7652316093444824
1549,"[0, 0, 171, 177]",2,0.6647787690162659
1549,"[19, 17, 193, 200]",2,0.4352610111236572
1550,"[17, 109, 124, 200]",5,0.28423458337783813
1553,"[58, 45, 128, 200]",4,0.6224478483200073
1553,"[56, 1, 126, 164]",4,0.5851825475692749
1553,"[75, 4, 113, 62]",4,0.26519638299942017
1554,"[101, 157, 137, 197]",4,0.685019314289093
1554,"[46, 63, 128, 149]",4,0.5767896771430969
1554,"[80, 35, 133, 149]",4,0.545268714427948
1554,"[50, 35, 133, 150]",4,0.5294396877288818
1555,"[0, 94, 80, 188]",4,0.7273351550102234
1555,"[4, 37, 45, 75]",4,0.7253696322441101
1555,"[134, 113, 182, 159]",4,0.5318921208381653
1555,"[126, 106, 188, 200]",4,0.32424259185791016
1556,"[11, 109, 66, 175]",4,0.7107008099555969
1556,"[12, 54, 51, 93]",4,0.6843138337135315
1556,"[129, 44, 190, 188]",4,0.554979145526886
1556,"[125, 0, 184, 149]",4,0.41330334544181824
1558,"[81, 65, 96, 200]",3,0.3785800337791443
1558,"[82, 35, 96, 180]",3,0.28379562497138977
1558,"[81, 88, 94, 200]",3,0.26086607575416565
1559,"[119, 0, 158, 163]",1,0.33549103140830994
1559,"[125, 32, 153, 167]",1,0.27061524987220764
1559,"[171, 0, 198, 94]",1,0.26451101899147034
1561,"[69, 72, 123, 200]",5,0.26272496581077576
1562,"[0, 0, 149, 157]",2,0.3561486601829529
1562,"[31, 0, 200, 161]",2,0.2602751553058624
1563,"[24, 0, 149, 180]",2,0.7303892374038696
1563,"[30, 18, 154, 200]",2,0.7073588371276855
1563,"[27, 7, 200, 200]",2,0.6478210687637329
1564,"[128, 1, 172, 156]",1,0.4428893029689789
1564,"[27, 117, 54, 200]",1,0.3781203031539917
1564,"[13, 0, 54, 101]",1,0.275014191865921
1565,"[106, 36, 177, 193]",4,0.6794202327728271
1565,"[29, 139, 96, 199]",4,0.4958422780036926
1565,"[20, 19, 70, 144]",4,0.48671653866767883
1565,"[21, 54, 86, 200]",4,0.3274477422237396
1565,"[119, 0, 190, 35]",4,0.32446613907814026
1566,"[166, 59, 193, 200]",3,0.30272555351257324
1566,"[141, 110, 153, 199]",3,0.2799903452396393
1567,"[10, 65, 29, 200]",3,0.30288851261138916
1568,"[34, 0, 106, 129]",4,0.5552863478660583
1568,"[121, 55, 195, 165]",4,0.5349748134613037
1570,"[0, 0, 148, 181]",2,0.7298827767372131
1570,"[26, 0, 200, 181]",2,0.7097044587135315
1570,"[3, 18, 133, 200]",2,0.5871909856796265
1570,"[16, 18, 194, 200]",2,0.4717693328857422
1575,"[18, 55, 192, 200]",2,0.39249473810195923
1575,"[0, 50, 150, 200]",2,0.36533084511756897
1575,"[85, 43, 200, 200]",2,0.3498690128326416
1577,"[3, 120, 61, 197]",4,0.8122104406356812
1577,"[123, 3, 190, 92]",4,0.4192090630531311
1577,"[22, 46, 56, 82]",4,0.3050784170627594
1577,"[144, 168, 168, 186]",4,0.3037450909614563
1578,"[19, 0, 59, 172]",1,0.4819260835647583
1578,"[19, 37, 59, 194]",1,0.40630778670310974
1578,"[23, 69, 56, 200]",1,0.2677488923072815
1581,"[13, 59, 55, 200]",3,0.3865948021411896
1581,"[13, 0, 56, 141]",3,0.3324952721595764
1581,"[105, 103, 126, 200]",1,0.3321434557437897
1581,"[130, 118, 158, 171]",1,0.3037537932395935
1581,"[101, 111, 130, 200]",1,0.27947911620140076
1581,"[13, 30, 56, 176]",3,0.2619704306125641
1582,"[26, 0, 200, 193]",2,0.7155715823173523
1582,"[0, 0, 163, 192]",2,0.7124038338661194
1582,"[10, 18, 180, 200]",2,0.5357546806335449
1582,"[4, 18, 131, 200]",2,0.5162379741668701
1583,"[114, 53, 193, 193]",4,0.43790382146835327
1583,"[0, 1, 39, 137]",4,0.4336748421192169
1583,"[0, 50, 61, 200]",4,0.2571040391921997
1584,"[89, 0, 132, 143]",1,0.41064032912254333
1584,"[57, 0, 82, 87]",1,0.3095991909503937
1587,"[136, 0, 187, 183]",1,0.4900570213794708
1587,"[131, 26, 191, 200]",1,0.4173658490180969
1588,"[70, 5, 112, 197]",1,0.4262273609638214
1588,"[60, 0, 111, 168]",1,0.35901281237602234
1588,"[42, 0, 67, 77]",1,0.25563037395477295
1589,"[27, 9, 200, 200]",2,0.678490400314331
1589,"[0, 0, 173, 193]",2,0.46124544739723206
1589,"[2, 21, 133, 200]",2,0.36723801493644714
1592,"[29, 0, 200, 178]",2,0.6021872162818909
1592,"[0, 0, 173, 191]",2,0.48567995429039
1592,"[21, 17, 192, 200]",2,0.26088786125183105
1596,"[129, 145, 145, 198]",3,0.39953044056892395
1596,"[115, 0, 146, 145]",3,0.2522140443325043
1597,"[57, 139, 114, 200]",5,0.2564467191696167
1599,"[74, 2, 137, 105]",4,0.6989449262619019
1601,"[79, 6, 171, 127]",4,0.6886149644851685
1601,"[0, 43, 78, 141]",4,0.5027463436126709
1601,"[40, 7, 168, 149]",4,0.4128952622413635
1601,"[0, 35, 80, 200]",4,0.3679645359516144
1602,"[0, 57, 29, 176]",1,0.34791749715805054
1602,"[43, 130, 66, 179]",1,0.2533816993236542
1603,"[0, 0, 162, 193]",2,0.692675769329071
1603,"[27, 1, 200, 179]",2,0.6925569176673889
1603,"[2, 0, 39, 28]",4,0.494965136051178
1603,"[3, 20, 136, 200]",2,0.47168976068496704
1603,"[0, 0, 145, 158]",2,0.28200384974479675
1605,"[98, 2, 138, 149]",1,0.39946261048316956
1605,"[87, 0, 137, 173]",1,0.29137367010116577
1605,"[154, 48, 197, 196]",1,0.2891077995300293
1606,"[21, 53, 66, 198]",1,0.39032039046287537
1607,"[120, 47, 159, 179]",1,0.34250786900520325
1607,"[78, 0, 96, 33]",1,0.26689863204956055
1608,"[133, 99, 150, 141]",1,0.41468045115470886
1608,"[25, 44, 44, 86]",1,0.4106139838695526
1608,"[5, 99, 35, 163]",1,0.4057968556880951
1609,"[14, 7, 154, 200]",2,0.7382909655570984
1609,"[29, 0, 168, 170]",2,0.661593496799469
1609,"[38, 0, 200, 181]",2,0.5157446265220642
1609,"[27, 19, 200, 200]",2,0.4551011919975281
1615,"[71, 0, 107, 136]",1,0.5222631096839905
1615,"[128, 109, 155, 179]",1,0.4946112036705017
1617,"[84, 21, 167, 185]",4,0.6395029425621033
1617,"[5, 0, 59, 29]",4,0.42534345388412476
1617,"[87, 6, 153, 156]",4,0.3988081216812134
1620,"[70, 49, 88, 196]",3,0.3241620659828186
1620,"[70, 24, 87, 171]",3,0.29845643043518066
1623,"[17, 66, 30, 200]",3,0.3152006268501282
1623,"[17, 16, 30, 159]",3,0.27905896306037903
1626,"[27, 0, 200, 181]",2,0.7489955425262451
1626,"[1, 0, 147, 180]",2,0.6629399657249451
1626,"[7, 7, 184, 200]",2,0.6626453995704651
1626,"[3, 17, 134, 200]",2,0.5240455269813538
1626,"[27, 32, 200, 200]",2,0.267020046710968
1628,"[152, 0, 199, 55]",4,0.5693912506103516
1628,"[61, 102, 116, 197]",4,0.5519375205039978
1628,"[34, 9, 95, 123]",4,0.48768243193626404
1628,"[44, 0, 141, 134]",4,0.47836822271347046
1628,"[134, 55, 193, 200]",4,0.4225693345069885
1628,"[40, 31, 127, 200]",4,0.3233579695224762
1628,"[38, 0, 141, 182]",4,0.32022976875305176
1628,"[73, 1, 130, 60]",4,0.25919440388679504
1630,"[48, 133, 94, 175]",4,0.9270665645599365
1630,"[55, 8, 103, 80]",4,0.7405456900596619
1630,"[124, 67, 192, 198]",4,0.6272345781326294
1631,"[53, 81, 139, 200]",5,0.3657979667186737
1632,"[0, 0, 145, 179]",2,0.7049253582954407
1632,"[0, 7, 176, 200]",2,0.573064386844635
1632,"[3, 17, 124, 200]",2,0.49589022994041443
1632,"[28, 0, 200, 178]",2,0.4823513925075531
1632,"[26, 33, 200, 200]",2,0.30629631876945496
1632,"[45, 174, 98, 199]",4,0.30305567383766174
1633,"[141, 26, 181, 194]",1,0.47913452982902527
1633,"[141, 0, 185, 163]",1,0.35695236921310425
1635,"[112, 0, 144, 93]",1,0.42058196663856506
1635,"[27, 0, 59, 70]",1,0.30753254890441895
1635,"[35, 125, 69, 197]",1,0.29065513610839844
1635,"[7, 86, 31, 150]",1,0.27821284532546997
1640,"[33, 8, 104, 200]",1,0.30033549666404724
1641,"[125, 0, 140, 129]",3,0.28176820278167725
1642,"[139, 6, 159, 50]",1,0.3285890519618988
1643,"[63, 0, 200, 181]",2,0.5363618731498718
1643,"[29, 8, 200, 200]",2,0.48581114411354065
1643,"[0, 0, 163, 181]",2,0.3058008849620819
1643,"[6, 0, 129, 192]",2,0.27546659111976624
1644,"[102, 139, 128, 198]",1,0.35111507773399353
1644,"[110, 0, 135, 73]",1,0.32420551776885986
1646,"[0, 0, 149, 180]",2,0.6261351704597473
1646,"[26, 0, 200, 181]",2,0.5912084579467773
1646,"[4, 18, 132, 200]",2,0.5816516280174255
1646,"[8, 7, 184, 200]",2,0.4619414806365967
1647,"[131, 123, 176, 197]",4,0.6826887130737305
1647,"[100, 3, 164, 35]",4,0.6285309791564941
1647,"[81, 3, 168, 37]",4,0.5646806955337524
1647,"[65, 9, 123, 155]",4,0.45621809363365173
1647,"[21, 107, 74, 159]",4,0.44975754618644714
1647,"[63, 23, 126, 197]",4,0.408092200756073
1648,"[68, 48, 79, 134]",3,0.3939758539199829
1649,"[31, 0, 200, 177]",2,0.6530423164367676
1649,"[0, 0, 172, 191]",2,0.526801347732544
1651,"[72, 52, 109, 91]",4,0.7682280540466309
1652,"[130, 83, 196, 196]",4,0.6934394836425781
1652,"[121, 3, 164, 59]",4,0.6361085772514343
1652,"[0, 0, 39, 50]",4,0.6010423302650452
1654,"[75, 55, 122, 200]",1,0.4099997580051422
1655,"[47, 0, 104, 77]",4,0.7075694799423218
1655,"[54, 126, 101, 200]",4,0.509464681148529
1655,"[55, 169, 95, 200]",4,0.46593791246414185
1656,"[29, 0, 200, 181]",2,0.7851068377494812
1656,"[0, 0, 161, 180]",2,0.7076082229614258
1656,"[19, 18, 192, 200]",2,0.45862463116645813
1656,"[4, 7, 136, 200]",2,0.3704560399055481
1657,"[80, 139, 97, 181]",1,0.32485902309417725
1657,"[66, 24, 83, 62]",1,0.2742360532283783
1657,"[138, 59, 158, 200]",3,0.2640097439289093
1657,"[69, 26, 80, 65]",1,0.26012057065963745
1658,"[16, 94, 69, 135]",4,0.8147812485694885
1658,"[101, 42, 172, 200]",4,0.5811924934387207
1658,"[104, 2, 169, 174]",4,0.47125381231307983
1658,"[34, 64, 55, 86]",1,0.2526531517505646
1660,"[15, 0, 65, 37]",4,0.7690747976303101
1660,"[116, 58, 198, 197]",4,0.41961511969566345
1660,"[18, 1, 93, 36]",4,0.4184989035129547
1660,"[33, 59, 75, 86]",4,0.32963845133781433
1660,"[118, 11, 173, 151]",4,0.28041917085647583
1663,"[21, 0, 158, 192]",2,0.6890124678611755
1663,"[42, 7, 200, 200]",2,0.5227281451225281
1663,"[5, 19, 129, 200]",2,0.3407409191131592
1663,"[29, 0, 190, 171]",2,0.3225962221622467
1664,"[16, 37, 27, 59]",1,0.7335019707679749
1664,"[77, 17, 134, 200]",1,0.4803951382637024
1664,"[14, 34, 25, 60]",1,0.39886274933815
1664,"[80, 2, 139, 166]",1,0.2919667065143585
1664,"[83, 0, 111, 98]",1,0.25922808051109314
1665,"[111, 31, 200, 200]",2,0.7453884482383728
1665,"[110, 0, 200, 179]",2,0.6301843523979187
1665,"[11, 18, 82, 200]",2,0.3025568723678589
1666,"[145, 18, 159, 143]",3,0.3075312376022339
1666,"[111, 54, 127, 200]",3,0.2949700355529785
1666,"[31, 0, 45, 127]",3,0.28236669301986694
1666,"[111, 30, 127, 176]",3,0.27663347125053406
1667,"[27, 126, 39, 199]",3,0.47329598665237427
1667,"[32, 27, 43, 66]",3,0.3177148997783661
1668,"[63, 31, 200, 200]",2,0.6588796377182007
1668,"[0, 0, 142, 150]",2,0.6269552707672119
1668,"[26, 0, 200, 172]",2,0.6082727909088135
1668,"[1, 19, 129, 200]",2,0.3342285752296448
1668,"[99, 0, 200, 155]",2,0.27278950810432434
1669,"[23, 49, 46, 145]",1,0.4917277693748474
1669,"[27, 141, 45, 185]",1,0.3889690637588501
1669,"[31, 160, 42, 185]",1,0.35022881627082825
1669,"[2, 105, 20, 144]",1,0.3201742172241211
1669,"[24, 0, 46, 53]",1,0.27763667702674866
1670,"[103, 0, 159, 85]",4,0.6895132064819336
1670,"[46, 10, 94, 64]",4,0.5859541296958923
1671,"[28, 0, 200, 176]",2,0.5746852159500122
1671,"[1, 0, 145, 178]",2,0.45517581701278687
1671,"[0, 6, 177, 200]",2,0.3984449505805969
1671,"[3, 19, 129, 200]",2,0.3113097846508026
1671,"[99, 30, 200, 200]",2,0.25316688418388367
1672,"[40, 118, 107, 181]",4,0.6549121141433716
1672,"[116, 13, 189, 185]",4,0.5671074986457825
1672,"[32, 7, 81, 122]",4,0.5566197633743286
1672,"[116, 54, 184, 200]",4,0.27097654342651367
1672,"[32, 36, 97, 182]",4,0.26123273372650146
1673,"[27, 0, 200, 181]",2,0.7504450082778931
1673,"[7, 7, 185, 200]",2,0.6796960830688477
1673,"[0, 0, 162, 182]",2,0.6650810241699219
1673,"[3, 8, 135, 200]",2,0.40819332003593445
1674,"[2, 109, 101, 200]",4,0.6223902702331543
1674,"[36, 117, 103, 199]",4,0.3242565095424652
1674,"[175, 184, 197, 199]",4,0.2936946153640747
1675,"[127, 97, 191, 199]",4,0.7872090339660645
1675,"[8, 28, 64, 113]",4,0.5390328168869019
1675,"[123, 0, 191, 99]",4,0.39425697922706604
1675,"[3, 119, 65, 200]",4,0.2508161962032318
1676,"[0, 90, 62, 199]",5,0.313968688249588
1678,"[44, 0, 113, 179]",1,0.3333738148212433
1678,"[148, 64, 170, 111]",1,0.25169116258621216
1680,"[2, 0, 142, 182]",2,0.7253677248954773
1680,"[18, 0, 194, 182]",2,0.6736822724342346
1680,"[26, 18, 200, 200]",2,0.5696029663085938
1680,"[0, 7, 175, 200]",2,0.5477065443992615
1680,"[1, 18, 114, 200]",2,0.35803964734077454
1680,"[112, 0, 200, 177]",2,0.27618932723999023
1681,"[0, 31, 47, 154]",5,0.27775049209594727
1684,"[28, 91, 86, 186]",5,0.2530168890953064
1685,"[26, 0, 200, 193]",2,0.7400324940681458
1685,"[0, 0, 149, 192]",2,0.6788673996925354
1685,"[10, 18, 180, 200]",2,0.5157106518745422
1686,"[74, 26, 149, 175]",4,0.4852440357208252
1686,"[66, 44, 143, 189]",4,0.3734268546104431
1686,"[65, 4, 144, 165]",4,0.26836344599723816
1687,"[94, 73, 166, 171]",4,0.7115378975868225
1687,"[178, 97, 200, 167]",4,0.6028094291687012
1687,"[45, 70, 136, 142]",4,0.2585117518901825
1692,"[77, 122, 139, 186]",5,0.2796204090118408
1692,"[83, 3, 134, 114]",5,0.26189979910850525
1693,"[36, 38, 68, 106]",4,0.6520346403121948
1693,"[76, 0, 197, 168]",2,0.4267079830169678
1694,"[27, 7, 200, 200]",2,0.7721611857414246
1694,"[0, 0, 173, 192]",2,0.6934859156608582
1694,"[4, 7, 133, 200]",2,0.5036360621452332
1694,"[21, 0, 190, 160]",2,0.32942870259284973
1695,"[16, 0, 195, 192]",2,0.70716792345047
1695,"[0, 0, 150, 192]",2,0.6451123952865601
1695,"[1, 17, 117, 200]",2,0.2587415277957916
1696,"[55, 96, 101, 200]",4,0.5993412137031555
1696,"[57, 0, 108, 96]",4,0.36111533641815186
1696,"[107, 100, 183, 195]",4,0.2922307550907135
1697,"[44, 105, 157, 200]",5,0.3325318694114685
1698,"[141, 4, 198, 143]",5,0.2788679599761963
1700,"[23, 63, 58, 197]",1,0.45344090461730957
1700,"[123, 35, 146, 120]",1,0.3140406608581543
1700,"[29, 93, 53, 200]",1,0.29192036390304565
1701,"[37, 0, 59, 136]",3,0.3636440336704254
1701,"[121, 127, 138, 168]",1,0.34409433603286743
1701,"[187, 0, 200, 105]",3,0.32174235582351685
1701,"[33, 69, 68, 200]",3,0.3153223991394043
1701,"[80, 60, 94, 200]",3,0.29278600215911865
1704,"[27, 19, 200, 200]",2,0.6865230202674866
1704,"[0, 0, 174, 192]",2,0.6456350088119507
1704,"[3, 19, 134, 200]",2,0.6151937246322632
1704,"[2, 0, 130, 168]",2,0.30368751287460327
1705,"[29, 7, 200, 200]",2,0.7491465210914612
1705,"[0, 7, 162, 200]",2,0.6060444116592407
1705,"[10, 0, 180, 169]",2,0.36178863048553467
1705,"[0, 44, 17, 138]",1,0.2626326084136963
1706,"[0, 0, 46, 108]",4,0.6134088039398193
1706,"[74, 94, 123, 173]",4,0.4572647511959076
1706,"[136, 4, 199, 133]",4,0.3886302709579468
1706,"[132, 22, 189, 184]",4,0.32398417592048645
1707,"[69, 0, 97, 89]",1,0.4955630600452423
1707,"[49, 55, 69, 89]",1,0.3250015676021576
1709,"[166, 167, 195, 199]",4,0.6220648288726807
1709,"[19, 73, 87, 148]",4,0.5879207849502563
1709,"[141, 29, 184, 112]",4,0.5842322707176208
1712,"[46, 63, 142, 190]",4,0.7269760966300964
1712,"[50, 72, 131, 172]",4,0.4953557550907135
1712,"[49, 72, 179, 163]",4,0.42744317650794983
1712,"[60, 84, 171, 155]",4,0.3797873556613922
1712,"[48, 63, 115, 190]",4,0.310316264629364
1712,"[103, 104, 172, 151]",4,0.29786261916160583
1714,"[0, 84, 67, 199]",5,0.33899807929992676
1717,"[19, 81, 35, 200]",3,0.30262550711631775
1719,"[28, 0, 200, 180]",2,0.7370783090591431
1719,"[17, 18, 194, 200]",2,0.6167500019073486
1719,"[23, 0, 153, 179]",2,0.5294098854064941
1719,"[21, 31, 152, 200]",2,0.34593135118484497
1719,"[112, 0, 200, 177]",2,0.2649189233779907
1720,"[2, 34, 124, 200]",2,0.4854118525981903
1720,"[0, 25, 174, 200]",2,0.3552086353302002
1720,"[0, 0, 141, 154]",2,0.31599491834640503
1720,"[119, 0, 200, 175]",2,0.2593834102153778
1721,"[137, 0, 180, 176]",1,0.4787161350250244
1721,"[136, 92, 164, 200]",1,0.3635302782058716
1721,"[133, 27, 180, 197]",1,0.34900224208831787
1722,"[141, 44, 156, 190]",3,0.3811056315898895
1722,"[142, 8, 156, 149]",3,0.3232693076133728
1722,"[141, 70, 155, 200]",3,0.2862400710582733
1724,"[155, 173, 177, 199]",1,0.3381446897983551
1724,"[53, 0, 111, 156]",1,0.32154008746147156
1724,"[58, 16, 106, 195]",1,0.2845016419887543
1725,"[10, 62, 82, 178]",4,0.715499997138977
1726,"[53, 19, 165, 200]",4,0.4098505973815918
1726,"[0, 94, 93, 182]",4,0.39293915033340454
1726,"[61, 0, 165, 167]",4,0.3134937584400177
1727,"[60, 0, 131, 90]",4,0.8345537781715393
1727,"[72, 105, 134, 185]",4,0.7822449803352356
1727,"[0, 0, 51, 126]",4,0.4885706603527069
1728,"[43, 53, 62, 200]",3,0.25447043776512146
1730,"[26, 0, 200, 182]",2,0.7692549824714661
1730,"[0, 0, 149, 180]",2,0.733084499835968
1730,"[18, 18, 193, 200]",2,0.7138208150863647
1730,"[3, 18, 132, 200]",2,0.6531343460083008
1732,"[26, 56, 108, 135]",4,0.543945848941803
1732,"[30, 63, 123, 162]",4,0.31174373626708984
1732,"[80, 93, 135, 160]",4,0.28471192717552185
1732,"[73, 77, 131, 160]",4,0.2645455300807953
1733,"[152, 3, 188, 151]",3,0.2864971458911896
1734,"[108, 27, 193, 134]",5,0.28297051787376404
1735,"[1, 0, 121, 176]",2,0.6053655743598938
1735,"[0, 0, 160, 181]",2,0.2845993936061859
1735,"[1, 30, 133, 200]",2,0.2756194472312927
1738,"[5, 55, 109, 198]",5,0.26650702953338623
1739,"[43, 7, 200, 200]",2,0.5436683297157288
1739,"[26, 21, 175, 200]",2,0.5161781907081604
1739,"[31, 0, 192, 182]",2,0.2770627737045288
1740,"[26, 7, 200, 200]",2,0.7597557902336121
1740,"[0, 7, 162, 200]",2,0.7282499670982361
1740,"[10, 0, 181, 179]",2,0.6488075256347656
1740,"[3, 0, 135, 192]",2,0.4487108588218689
1741,"[123, 79, 188, 200]",4,0.696645200252533
1741,"[64, 95, 113, 170]",4,0.6791399121284485
1741,"[108, 37, 165, 68]",4,0.4226663410663605
1741,"[78, 36, 166, 67]",4,0.28587156534194946
1743,"[31, 0, 55, 49]",1,0.32754310965538025
1743,"[152, 59, 186, 200]",3,0.28906917572021484
1744,"[52, 1, 121, 120]",4,0.467815101146698
1745,"[93, 92, 152, 119]",4,0.47140857577323914
1745,"[69, 87, 156, 118]",4,0.27872559428215027
1746,"[7, 30, 141, 200]",2,0.6386343836784363
1746,"[14, 15, 177, 200]",2,0.5490643382072449
1746,"[41, 0, 200, 182]",2,0.4782653748989105
1746,"[1, 0, 45, 62]",4,0.4168356955051422
1747,"[35, 66, 119, 199]",4,0.725226640701294
1747,"[181, 8, 200, 99]",4,0.5686675310134888
1747,"[0, 143, 22, 200]",4,0.4979933202266693
1747,"[165, 160, 198, 199]",4,0.2982946038246155
1749,"[31, 63, 61, 200]",3,0.28930041193962097
1749,"[32, 29, 64, 176]",3,0.28390905261039734
1750,"[19, 17, 152, 200]",2,0.42771393060684204
1751,"[26, 0, 200, 182]",2,0.5019652843475342
1751,"[10, 19, 181, 200]",2,0.3613738715648651
1751,"[6, 0, 157, 164]",2,0.2994759976863861
1752,"[67, 48, 125, 191]",4,0.5354986190795898
1752,"[42, 7, 93, 104]",4,0.3748885691165924
1752,"[42, 5, 102, 153]",4,0.30868127942085266
1754,"[90, 34, 109, 181]",3,0.2718367874622345
1756,"[186, 118, 200, 200]",1,0.343203604221344
1756,"[21, 81, 36, 200]",3,0.3161821961402893
1756,"[21, 39, 37, 186]",3,0.28829556703567505
1758,"[170, 1, 192, 44]",1,0.3493209183216095
1758,"[101, 71, 128, 200]",1,0.2663061022758484
1760,"[6, 0, 58, 119]",4,0.6461378931999207
1760,"[111, 43, 189, 200]",4,0.5261929631233215
1760,"[107, 10, 188, 171]",4,0.3352517783641815
1762,"[27, 7, 200, 200]",2,0.7723937034606934
1762,"[3, 0, 147, 191]",2,0.6745121479034424
1762,"[10, 0, 181, 170]",2,0.5020413398742676
1765,"[20, 43, 92, 122]",4,0.7776797413825989
1765,"[101, 48, 183, 197]",4,0.7343629002571106
1768,"[127, 101, 191, 200]",4,0.8341636061668396
1768,"[130, 12, 188, 92]",4,0.745868980884552
1768,"[70, 104, 102, 131]",4,0.42040252685546875
1769,"[1, 5, 68, 119]",4,0.5635904669761658
1769,"[81, 2, 188, 117]",4,0.3714883625507355
1769,"[83, 6, 194, 179]",4,0.2563486397266388
1770,"[49, 39, 69, 185]",3,0.29304805397987366
1770,"[48, 69, 67, 200]",3,0.25123682618141174
1772,"[156, 17, 197, 172]",1,0.31830695271492004
1772,"[98, 125, 122, 200]",1,0.2624765932559967
1773,"[27, 18, 200, 200]",2,0.6640902757644653
1773,"[17, 0, 194, 182]",2,0.5126758217811584
1773,"[3, 19, 132, 200]",2,0.5018091797828674
1773,"[0, 7, 176, 200]",2,0.4986400604248047
1773,"[0, 0, 147, 168]",2,0.2873374819755554
1773,"[115, 0, 200, 177]",2,0.2521750032901764
1777,"[28, 0, 200, 181]",2,0.6778533458709717
1777,"[18, 17, 193, 200]",2,0.6298766732215881
1777,"[2, 0, 149, 181]",2,0.5707007646560669
1777,"[5, 18, 135, 200]",2,0.2643716335296631
1778,"[1, 168, 31, 197]",4,0.6678427457809448
1778,"[0, 0, 45, 69]",4,0.6047890186309814
1778,"[0, 145, 31, 199]",4,0.40510523319244385
1778,"[108, 8, 193, 89]",4,0.329468309879303
1778,"[80, 62, 164, 192]",4,0.3255636692047119
1779,"[96, 79, 173, 200]",4,0.51552414894104
1779,"[0, 146, 35, 200]",4,0.4365781545639038
1779,"[8, 25, 102, 150]",4,0.3860006630420685
1780,"[0, 101, 60, 200]",4,0.7773879170417786
1780,"[2, 13, 51, 92]",4,0.7302250862121582
1780,"[117, 30, 192, 200]",4,0.4306340217590332
1780,"[127, 0, 196, 173]",4,0.4176243543624878
1780,"[102, 66, 184, 200]",4,0.39355671405792236
1780,"[66, 18, 127, 99]",4,0.2703033685684204
1782,"[0, 0, 147, 177]",2,0.710342526435852
1782,"[27, 0, 200, 176]",2,0.6596048474311829
1782,"[0, 30, 116, 200]",2,0.41486793756484985
1782,"[0, 30, 163, 200]",2,0.3705999255180359
1782,"[24, 29, 200, 200]",2,0.3175242245197296
1782,"[114, 0, 200, 172]",2,0.27537238597869873
1784,"[153, 0, 195, 158]",1,0.414833664894104
1784,"[54, 117, 76, 195]",1,0.39705121517181396
1784,"[153, 15, 196, 200]",1,0.29640358686447144
1785,"[97, 59, 151, 139]",4,0.4261223077774048
1787,"[94, 110, 197, 199]",5,0.3177646994590759
1789,"[56, 91, 76, 200]",3,0.3273143768310547
1789,"[100, 0, 115, 119]",3,0.2557796537876129
1790,"[50, 94, 99, 188]",4,0.6877466440200806
1790,"[107, 21, 162, 109]",4,0.6612102389335632
1792,"[27, 0, 200, 182]",2,0.5081427097320557
1792,"[1, 0, 148, 180]",2,0.48961418867111206
1792,"[9, 17, 182, 200]",2,0.38929086923599243
1792,"[3, 17, 134, 200]",2,0.33100029826164246
1794,"[97, 7, 199, 200]",2,0.7852125763893127
1794,"[100, 0, 199, 150]",2,0.4273335933685303
1795,"[93, 29, 119, 167]",1,0.2955192029476166
1795,"[84, 49, 124, 200]",1,0.28419792652130127
1795,"[94, 11, 121, 154]",1,0.27286264300346375
1798,"[1, 0, 147, 180]",2,0.7410491704940796
1798,"[26, 0, 200, 180]",2,0.7333726286888123
1798,"[7, 8, 183, 199]",2,0.39400628209114075
